subreddit,lift
Anarchism,26.704058011434945
socialism,16.14572864321608
worldpolitics,9.189150528169014
democrats,7.8519572143832495
Conservative,7.577830188679246
Liberal,5.878826696464851
neoliberal,5.492307692307692
Republican,4.486713362068966
politics,4.318548387096774
